Diet,Source,Donor,CollectionMet1,Sex,Firmicutes,Bacteroidetes,diet source donor
CARBR,Cecum,CONVR,Contents,Male,0.691423703,0.114942596,CARBRCecumCONVR
FATR,Cecum,CONVR,Contents,Male,0.601951423,0.094634218,FATRCecumCONVR
Human,Feces,Human,Contents,Male,0.706325475,0.232680787,HumanFecesHuman
Human,Feces,Human,Contents,Male,0.697711928,0.250903312,HumanFecesHuman
Human,Feces,Human,Contents,Male,0.496026657,0.459735157,HumanFecesHuman
Human,Feces,Human,Contents,Male,0.45089582,0.507720889,HumanFecesHuman
Human,Feces,Human,Contents,Male,0.53013046,0.422231327,HumanFecesHuman
Human,Feces,Human,Contents,Male,0.543087618,0.406075707,HumanFecesHuman
LFPP,Cecum1,CONVR,Scraping,Male,0.691370696,0.210152337,LFPPCecum1CONVR
LFPP,Cecum1,CONVR,Contents,Male,0.413529724,0.214599727,LFPPCecum1CONVR
LFPP,Cecum1,CONVR,Contents,Male,0.716390241,0.183402562,LFPPCecum1CONVR
LFPP,Cecum1,HMMouseLFPP,Contents,Male,0.490057927,0.461193148,LFPPCecum1HMMouseLFPP
LFPP,Cecum1,HMMouseLFPP,Contents,Male,0.45168616,0.492954273,LFPPCecum1HMMouseLFPP
LFPP,Cecum1,HMMouseLFPP,Scraping,Male,0.515948697,0.441522165,LFPPCecum1HMMouseLFPP
LFPP,Cecum1,HMMouseLFPP,Contents,Male,0.379604548,0.588676734,LFPPCecum1HMMouseLFPP
LFPP,Cecum2,CONVR,Scraping,Male,0.717717927,0.183183248,LFPPCecum2CONVR
LFPP,Cecum2,CONVR,Contents,Male,0.468750176,0.183866344,LFPPCecum2CONVR
LFPP,Cecum2,HMMouseLFPP,Scraping,Male,0.359586511,0.595067696,LFPPCecum2HMMouseLFPP
LFPP,Cecum2,HMMouseLFPP,Contents,Male,0.458948532,0.51107018,LFPPCecum2HMMouseLFPP
LFPP,Cecum,CONVD,Contents,Male,0.587381242,0.327491301,LFPPCecumCONVD
LFPP,Cecum,CONVR,Contents,Male,0.505421351,0.394495476,LFPPCecumCONVR
LFPP,Cecum,CONVR,Contents,Male,0.566077938,0.357597246,LFPPCecumCONVR
LFPP,Cecum,CONVR,Contents,Male,0.609531355,0.339738741,LFPPCecumCONVR
LFPP,Cecum,CONVR,Contents,Male,0.754245041,0.192135902,LFPPCecumCONVR
LFPP,Cecum,CONVR,Contents,Male,0.671283651,0.263157959,LFPPCecumCONVR
LFPP,Cecum,Fresh,Contents,Male,0.514165099,0.466384848,LFPPCecumFresh
LFPP,Cecum,Fresh,Contents,Male,0.426026536,0.547637566,LFPPCecumFresh
LFPP,Cecum,Fresh,Contents,Male,0.328114302,0.640222745,LFPPCecumFresh
LFPP,Cecum,Fresh,Contents,Male,0.444593596,0.527703392,LFPPCecumFresh
LFPP,Cecum,Fresh,Contents,Male,0.364179277,0.606823082,LFPPCecumFresh
LFPP,Cecum,Fresh,Contents,Male,0.510921374,0.4624882,LFPPCecumFresh
LFPP,Cecum,Fresh,Contents,Male,0.531484127,0.449581756,LFPPCecumFresh
LFPP,Cecum,Fresh,Contents,Male,0.438759887,0.546899299,LFPPCecumFresh
LFPP,Cecum,Fresh,Contents,Male,0.419583706,0.554718718,LFPPCecumFresh
LFPP,Cecum,HMMouseLFPP,Contents,Male,0.543053043,0.434442344,LFPPCecumHMMouseLFPP
LFPP,Cecum,HMMouseLFPP,Contents,Male,0.588149433,0.389173447,LFPPCecumHMMouseLFPP
LFPP,Cecum,HMMouseLFPP,Contents,Male,0.579764284,0.32091874,LFPPCecumHMMouseLFPP
LFPP,Cecum,HMouseWestern,Contents,Male,0.620392358,0.363921641,LFPPCecumHMouseWestern
LFPP,Cecum,HMouseWestern,Contents,Male,0.586182009,0.402181891,LFPPCecumHMouseWestern
LFPP,Cecum,HMouseWestern,Contents,Male,0.502174109,0.476811672,LFPPCecumHMouseWestern
LFPP,Cecum,HMouseWestern,Contents,Male,0.552650381,0.433922337,LFPPCecumHMouseWestern
LFPP,Colon,CONVR,Scraping,Male,0.821027267,0.133242248,LFPPColonCONVR
LFPP,Colon,CONVR,Contents,Male,0.558919603,0.350722005,LFPPColonCONVR
LFPP,Colon,CONVR,Scraping,Male,0.383177785,0.494981035,LFPPColonCONVR
LFPP,Colon,CONVR,Contents,Male,0.531343486,0.373987278,LFPPColonCONVR
LFPP,Colon,CONVR,Scraping,Male,0.549295972,0.172144043,LFPPColonCONVR
LFPP,Colon,CONVR,Contents,Male,0.138256711,0.152693018,LFPPColonCONVR
LFPP,Colon,CONVR,Contents,Male,0.603773757,0.252539979,LFPPColonCONVR
LFPP,Colon,CONVR,Scraping,Male,0.44090927,0.469930135,LFPPColonCONVR
LFPP,Colon,CONVR,Scraping,Male,0.878366019,0.069328449,LFPPColonCONVR
LFPP,Colon,CONVR,Contents,Male,0.622495905,0.275901617,LFPPColonCONVR
LFPP,Colon,HMMouseLFPP,Scraping,Male,0.397196437,0.553738379,LFPPColonHMMouseLFPP
LFPP,Colon,HMMouseLFPP,Contents,Male,0.395331813,0.52612086,LFPPColonHMMouseLFPP
LFPP,Colon,HMMouseLFPP,Contents,Male,0.441046075,0.483966527,LFPPColonHMMouseLFPP
LFPP,Colon,HMMouseLFPP,Scraping,Male,0.499275195,0.445142648,LFPPColonHMMouseLFPP
LFPP,Colon,HMMouseLFPP,Contents,Male,0.478469087,0.467532537,LFPPColonHMMouseLFPP
LFPP,Colon,HMMouseLFPP,Scraping,Male,0.440092344,0.505376405,LFPPColonHMMouseLFPP
LFPP,Colon,HMMouseLFPP,Contents,Male,0.459559002,0.469537877,LFPPColonHMMouseLFPP
LFPP,Feces,CONVR,Scraping,Male,0.3165797,0.320673257,LFPPFecesCONVR
LFPP,Feces,Fresh,Contents,Male,0.462041592,0.519070168,LFPPFecesFresh
LFPP,Feces,Fresh,Contents,Male,0.371772983,0.602409699,LFPPFecesFresh
LFPP,Feces,Fresh,Contents,Male,0.365247095,0.602713986,LFPPFecesFresh
LFPP,Feces,Fresh,Contents,Male,0.486094972,0.493145387,LFPPFecesFresh
LFPP,Feces,Fresh,Contents,Male,0.239812096,0.70924771,LFPPFecesFresh
LFPP,Feces,Fresh,Contents,Male,0.25128489,0.710688666,LFPPFecesFresh
LFPP,Feces,Fresh,Contents,Male,0.485741646,0.478770672,LFPPFecesFresh
LFPP,Feces,Fresh,Contents,Male,0.375753188,0.592620542,LFPPFecesFresh
LFPP,Feces,Fresh,Contents,Male,0.435624207,0.532780479,LFPPFecesFresh
LFPP,Feces,Fresh,Contents,Male,0.490930309,0.472404531,LFPPFecesFresh
LFPP,Feces,Fresh,Contents,Male,0.546549128,0.4181381,LFPPFecesFresh
LFPP,Feces,Fresh,Contents,Male,0.552099678,0.419517934,LFPPFecesFresh
LFPP,Feces,Fresh,Contents,Male,0.361600173,0.604800062,LFPPFecesFresh
LFPP,Feces,Fresh,Contents,Male,0.505232976,0.463731586,LFPPFecesFresh
LFPP,Feces,Fresh,Contents,Male,0.49066559,0.471038845,LFPPFecesFresh
LFPP,Feces,Fresh,Contents,Male,0.497671512,0.430472456,LFPPFecesFresh
LFPP,Feces,Fresh,Contents,Male,0.261811222,0.705286911,LFPPFecesFresh
LFPP,Feces,Fresh,Contents,Male,0.515140491,0.455686913,LFPPFecesFresh
LFPP,Feces,Fresh,Contents,Male,0.4069489,0.551083636,LFPPFecesFresh
LFPP,Feces,Fresh,Contents,Male,0.491100153,0.48881797,LFPPFecesFresh
LFPP,Feces,Fresh,Contents,Male,0.604545659,0.374026049,LFPPFecesFresh
LFPP,Feces,Fresh,Contents,Male,0.52175716,0.455254582,LFPPFecesFresh
LFPP,Feces,Fresh,Contents,Male,0.590188869,0.387924596,LFPPFecesFresh
LFPP,Feces,Fresh,Contents,Male,0.311547019,0.654139493,LFPPFecesFresh
LFPP,Feces,Fresh,Contents,Male,0.343325986,0.629524959,LFPPFecesFresh
LFPP,Feces,Fresh,Contents,Male,0.342866963,0.63223426,LFPPFecesFresh
LFPP,Feces,Fresh,Contents,Male,0.45317887,0.517611747,LFPPFecesFresh
LFPP,Feces,Fresh,Contents,Male,0.591575286,0.354395675,LFPPFecesFresh
LFPP,Feces,Fresh,Contents,Male,0.305651858,0.654556005,LFPPFecesFresh
LFPP,Feces,Fresh,Contents,Male,0.402661609,0.560374645,LFPPFecesFresh
LFPP,Feces,Fresh,Contents,Male,0.337860037,0.627919672,LFPPFecesFresh
LFPP,Feces,Fresh,Contents,Male,0.273504468,0.693732267,LFPPFecesFresh
LFPP,Feces,Fresh,Contents,Male,0.434047553,0.525084628,LFPPFecesFresh
LFPP,Feces,Fresh,Contents,Male,0.448016601,0.524965861,LFPPFecesFresh
LFPP,Feces,Fresh,Contents,Male,0.461045084,0.519248454,LFPPFecesFresh
LFPP,Feces,Fresh,Contents,Male,0.323141985,0.62836063,LFPPFecesFresh
LFPP,Feces,Fresh,Contents,Male,0.471689006,0.505169931,LFPPFecesFresh
LFPP,Feces,Fresh,Contents,Male,0.396543126,0.574478961,LFPPFecesFresh
LFPP,Feces,Fresh,Contents,Male,0.425309396,0.551379695,LFPPFecesFresh
LFPP,Feces,Fresh,Contents,Male,0.639613004,0.291139313,LFPPFecesFresh
LFPP,Feces,Fresh,Contents,Male,0.231724553,0.734697503,LFPPFecesFresh
LFPP,Feces,Fresh,Contents,Male,0.418733959,0.540540588,LFPPFecesFresh
LFPP,Feces,Fresh,Contents,Male,0.492857305,0.48523815,LFPPFecesFresh
LFPP,Feces,Fresh,Contents,Male,0.480616199,0.483802498,LFPPFecesFresh
LFPP,Feces,Fresh,Contents,Male,0.421052806,0.519736901,LFPPFecesFresh
LFPP,Feces,Fresh,Contents,Male,0.449815832,0.528062328,LFPPFecesFresh
LFPP,Feces,Fresh,Contents,Male,0.482545224,0.490991052,LFPPFecesFresh
LFPP,Feces,Fresh,Contents,Male,0.306183288,0.649821706,LFPPFecesFresh
LFPP,Feces,Fresh,Contents,Male,0.485514215,0.491588852,LFPPFecesFresh
LFPP,Feces,Fresh,Contents,Male,0.493046407,0.481381855,LFPPFecesFresh
LFPP,Feces,Fresh,Contents,Male,0.470275678,0.506041636,LFPPFecesFresh
LFPP,Feces,Fresh,Contents,Male,0.207771367,0.754991959,LFPPFecesFresh
LFPP,Feces,Fresh,Contents,Male,0.499667063,0.467022051,LFPPFecesFresh
LFPP,Feces,Fresh,Contents,Male,0.539155118,0.434366259,LFPPFecesFresh
LFPP,Feces,Fresh,Contents,Male,0.505427283,0.472392712,LFPPFecesFresh
LFPP,Feces,Fresh,Contents,Male,0.56212529,0.401456793,LFPPFecesFresh
LFPP,Feces,Fresh,Contents,Male,0.471788402,0.492621605,LFPPFecesFresh
LFPP,Feces,Fresh,Contents,Male,0.428571632,0.521785791,LFPPFecesFresh
LFPP,Feces,Fresh,Contents,Male,0.3145294,0.633116943,LFPPFecesFresh
LFPP,Feces,Fresh,Contents,Male,0.383028781,0.570557969,LFPPFecesFresh
LFPP,Feces,Fresh,Contents,Male,0.627763227,0.272325441,LFPPFecesFresh
LFPP,Feces,Fresh,Contents,Male,0.171867907,0.78528185,LFPPFecesFresh
LFPP,Feces,Fresh,Contents,Male,0.24991092,0.711174638,LFPPFecesFresh
LFPP,Feces,Fresh,Contents,Male,0.333192395,0.630821401,LFPPFecesFresh
LFPP,Feces,Fresh,Contents,Male,0.30517866,0.667169494,LFPPFecesFresh
LFPP,Feces,Fresh,Contents,Male,0.409902056,0.559322094,LFPPFecesFresh
LFPP,Feces,Fresh,Contents,Male,0.31478556,0.652623276,LFPPFecesFresh
LFPP,Feces,Fresh,Contents,Male,0.41210633,0.557628597,LFPPFecesFresh
LFPP,Feces,Frozen,Contents,Male,0.654645308,0.210328974,LFPPFecesFrozen
LFPP,Feces,Frozen,Contents,Male,0.46423266,0.488822709,LFPPFecesFrozen
LFPP,Feces,Frozen,Contents,Male,0.366134598,0.569625021,LFPPFecesFrozen
LFPP,Feces,Frozen,Contents,Male,0.47658936,0.486201631,LFPPFecesFrozen
LFPP,Feces,Frozen,Contents,Male,0.466110381,0.440400738,LFPPFecesFrozen
LFPP,Feces,Frozen,Contents,Male,0.408078203,0.535654678,LFPPFecesFrozen
LFPP,Feces,Frozen,Contents,Male,0.381532747,0.551138265,LFPPFecesFrozen
LFPP,Feces,Frozen,Contents,Male,0.410848418,0.526255114,LFPPFecesFrozen
LFPP,Feces,Frozen,Contents,Male,0.407734668,0.551157196,LFPPFecesFrozen
LFPP,Feces,Frozen,Contents,Male,0.987198431,0.003657712,LFPPFecesFrozen
LFPP,Feces,Frozen,Contents,Male,0.57243008,0.310080166,LFPPFecesFrozen
LFPP,Feces,Frozen,Contents,Male,0.396159053,0.546224034,LFPPFecesFrozen
LFPP,Feces,Frozen,Contents,Male,0.366074205,0.534538094,LFPPFecesFrozen
LFPP,Feces,Frozen,Contents,Male,0.260085128,0.680732556,LFPPFecesFrozen
LFPP,Feces,Frozen,Contents,Male,0.449575755,0.475382076,LFPPFecesFrozen
LFPP,Feces,Frozen,Contents,Male,0.327395129,0.625546275,LFPPFecesFrozen
LFPP,Feces,Frozen,Contents,Male,0.324840945,0.602669159,LFPPFecesFrozen
LFPP,Feces,Frozen,Contents,Male,0.356124861,0.560280327,LFPPFecesFrozen
LFPP,Feces,Frozen,Contents,Male,0.423089303,0.515699398,LFPPFecesFrozen
LFPP,Feces,Frozen,Contents,Male,0.987225744,0.00239528,LFPPFecesFrozen
LFPP,Feces,Frozen,Contents,Male,0.375093399,0.573949859,LFPPFecesFrozen
LFPP,Feces,Frozen,Contents,Male,0.34831166,0.587496578,LFPPFecesFrozen
LFPP,Feces,Frozen,Contents,Male,0.325316216,0.621029963,LFPPFecesFrozen
LFPP,Feces,Frozen,Contents,Male,0.358478981,0.596010038,LFPPFecesFrozen
LFPP,Feces,Frozen,Contents,Male,0.324712844,0.628671848,LFPPFecesFrozen
LFPP,Feces,Frozen,Contents,Male,0.282892713,0.627050614,LFPPFecesFrozen
LFPP,Feces,Frozen,Contents,Male,0.375731651,0.566984986,LFPPFecesFrozen
LFPP,Feces,Frozen,Contents,Male,0.452842171,0.507807694,LFPPFecesFrozen
LFPP,Feces,Frozen,Contents,Male,0.979942886,0.004775619,LFPPFecesFrozen
LFPP,Feces,Frozen,Contents,Male,0.55523827,0.270952443,LFPPFecesFrozen
LFPP,Feces,Frozen,Contents,Male,0.335970957,0.595252643,LFPPFecesFrozen
LFPP,Feces,Frozen,Contents,Male,0.366702838,0.548300123,LFPPFecesFrozen
LFPP,Feces,Frozen,Contents,Male,0.335187265,0.608948509,LFPPFecesFrozen
LFPP,Feces,Frozen,Contents,Male,0.389622532,0.540067612,LFPPFecesFrozen
LFPP,Feces,Frozen,Contents,Male,0.354674696,0.59549966,LFPPFecesFrozen
LFPP,Feces,Frozen,Contents,Male,0.320037861,0.624685991,LFPPFecesFrozen
LFPP,Feces,Frozen,Contents,Male,0.373978363,0.581743925,LFPPFecesFrozen
LFPP,Feces,Frozen,Contents,Male,0.992056266,0.00186923,LFPPFecesFrozen
LFPP,Feces,Frozen,Contents,Male,0.739560897,0.177166374,LFPPFecesFrozen
LFPP,Feces,Frozen,Contents,Male,0.406762155,0.514116496,LFPPFecesFrozen
LFPP,Feces,Frozen,Contents,Male,0.353985984,0.586424694,LFPPFecesFrozen
LFPP,Feces,Frozen,Contents,Male,0.315789641,0.627275789,LFPPFecesFrozen
LFPP,Feces,Frozen,Contents,Male,0.366904412,0.577626343,LFPPFecesFrozen
LFPP,Feces,Frozen,Contents,Male,0.309450485,0.639592414,LFPPFecesFrozen
LFPP,Feces,Frozen,Contents,Male,0.37367453,0.563630748,LFPPFecesFrozen
LFPP,Feces,Frozen,Contents,Male,0.410361492,0.535105739,LFPPFecesFrozen
LFPP,Feces,Frozen,Contents,Male,0.98740573,0.004618037,LFPPFecesFrozen
LFPP,Feces,Frozen,Contents,Male,0.787176719,0.117806177,LFPPFecesFrozen
LFPP,Feces,Frozen,Contents,Male,0.449629654,0.452633744,LFPPFecesFrozen
LFPP,Feces,Frozen,Contents,Male,0.420392354,0.515686348,LFPPFecesFrozen
LFPP,Feces,Frozen,Contents,Male,0.366351892,0.547089359,LFPPFecesFrozen
LFPP,Feces,Frozen,Contents,Male,0.461656607,0.494478586,LFPPFecesFrozen
LFPP,Feces,Frozen,Contents,Male,0.473732636,0.461820476,LFPPFecesFrozen
LFPP,Feces,Frozen,Contents,Male,0.739575325,0.124705025,LFPPFecesFrozen
LFPP,Feces,Frozen,Contents,Male,0.400371919,0.531970323,LFPPFecesFrozen
LFPP,Feces,Frozen,Contents,Male,0.383996171,0.554353372,LFPPFecesFrozen
LFPP,Feces,Frozen,Contents,Male,0.379747031,0.549050703,LFPPFecesFrozen
LFPP,Feces,Frozen,Contents,Male,0.321546784,0.621943219,LFPPFecesFrozen
LFPP,Feces,Frozen,Contents,Male,0.396995188,0.531886552,LFPPFecesFrozen
LFPP,Feces,Frozen,Contents,Male,0.985469148,0.006164755,LFPPFecesFrozen
LFPP,Feces,Frozen,Contents,Male,0.553401137,0.222553763,LFPPFecesFrozen
LFPP,Feces,Frozen,Contents,Male,0.475132083,0.486058853,LFPPFecesFrozen
LFPP,Feces,Frozen,Contents,Male,0.364098172,0.527180478,LFPPFecesFrozen
LFPP,Feces,Frozen,Contents,Male,0.420199691,0.508728251,LFPPFecesFrozen
LFPP,Feces,Frozen,Contents,Male,0.447832785,0.505231757,LFPPFecesFrozen
LFPP,Feces,Frozen,Contents,Male,0.360039094,0.593577749,LFPPFecesFrozen
LFPP,Feces,Frozen,Contents,Male,0.702459206,0.014344329,LFPPFecesFrozen
LFPP,Feces,Frozen,Contents,Male,0.391445408,0.56189248,LFPPFecesFrozen
LFPP,Feces,Frozen,Contents,Male,0.359593216,0.551162865,LFPPFecesFrozen
LFPP,Feces,Frozen,Contents,Male,0.406946986,0.534734189,LFPPFecesFrozen
LFPP,Feces,Frozen,Contents,Male,0.432602087,0.504075305,LFPPFecesFrozen
LFPP,Feces,Frozen,Contents,Male,0.493476541,0.449985567,LFPPFecesFrozen
LFPP,Feces,Frozen,Contents,Male,0.458298423,0.279696785,LFPPFecesFrozen
LFPP,Feces,Frozen,Contents,Male,0.370534394,0.544402933,LFPPFecesFrozen
LFPP,Feces,Frozen,Contents,Male,0.397609488,0.52312054,LFPPFecesFrozen
LFPP,Feces,Frozen,Contents,Male,0.416536833,0.50676033,LFPPFecesFrozen
LFPP,Feces,Frozen,Contents,Male,0.428378115,0.511344465,LFPPFecesFrozen
LFPP,Feces,Frozen,Contents,Male,0.424242622,0.469500272,LFPPFecesFrozen
LFPP,Feces,HMMouseLFPP,Scraping,Male,0.515733122,0.442056862,LFPPFecesHMMouseLFPP
LFPP,Feces,HMMouseLFPP,Scraping,Male,0.345210019,0.612826676,LFPPFecesHMMouseLFPP
LFPP,Feces,HMMouseLFPP,Contents,Female,0.478091725,0.323271737,LFPPFecesHMMouseLFPP
LFPP,Feces,HMMouseLFPP,Contents,Male,0.515821914,0.379380817,LFPPFecesHMMouseLFPP
LFPP,Feces,HMMouseLFPP,Contents,Male,0.355892842,0.470634061,LFPPFecesHMMouseLFPP
LFPP,Feces,HMMouseLFPP,Contents,Male,0.268708848,0.718412871,LFPPFecesHMMouseLFPP
LFPP,Feces,HMMouseLFPP,Contents,Male,0.3260506,0.658823593,LFPPFecesHMMouseLFPP
LFPP,Feces,HMMouseLFPP,Contents,Male,0.5391582,0.434133168,LFPPFecesHMMouseLFPP
LFPP,Feces,HMMouseLFPP,Contents,Male,0.532927013,0.452032583,LFPPFecesHMMouseLFPP
LFPP,Feces,HMMouseLFPP,Contents,Male,0.47651469,0.396180935,LFPPFecesHMMouseLFPP
LFPP,Feces,HMMouseLFPP,Contents,Male,0.483886215,0.259691796,LFPPFecesHMMouseLFPP
LFPP,Feces,HMMouseLFPP,Contents,Male,0.690224763,0.206076689,LFPPFecesHMMouseLFPP
LFPP,Feces,HMMouseLFPP,Contents,Male,0.414394951,0.460559858,LFPPFecesHMMouseLFPP
LFPP,Feces,HMMouseLFPP,Contents,Male,0.525051953,0.346583919,LFPPFecesHMMouseLFPP
LFPP,Feces,HMMouseLFPP,Contents,Male,0.554943371,0.190044794,LFPPFecesHMMouseLFPP
LFPP,Feces,HMMouseLFPP,Contents,Male,0.311308399,0.397339317,LFPPFecesHMMouseLFPP
LFPP,Feces,HMMouseLFPP,Contents,Male,0.427934816,0.38930171,LFPPFecesHMMouseLFPP
LFPP,Feces,HMMouseLFPP,Contents,Male,0.532122476,0.357997408,LFPPFecesHMMouseLFPP
LFPP,Feces,HMMouseLFPP,Contents,Male,0.58456262,0.202556602,LFPPFecesHMMouseLFPP
LFPP,Feces,HMMouseLFPP,Contents,Female,0.492468309,0.436268888,LFPPFecesHMMouseLFPP
LFPP,Feces,HMMouseLFPP,Contents,Female,0.313071295,0.486690566,LFPPFecesHMMouseLFPP
LFPP,Feces,HMMouseLFPP,Contents,Female,0.163884868,0.707890817,LFPPFecesHMMouseLFPP
LFPP,Feces,HMMouseLFPP,Contents,Female,0.452881795,0.530373894,LFPPFecesHMMouseLFPP
LFPP,Feces,HMMouseLFPP,Contents,Female,0.760626584,0.225950849,LFPPFecesHMMouseLFPP
LFPP,Feces,HMMouseLFPP,Contents,Female,0.581061066,0.37670604,LFPPFecesHMMouseLFPP
LFPP,Feces,HMMouseLFPP,Contents,Female,0.707294564,0.274067655,LFPPFecesHMMouseLFPP
LFPP,Feces,HMMouseLFPP,Contents,Female,0.579649892,0.379482968,LFPPFecesHMMouseLFPP
LFPP,Feces,HMMouseLFPP,Contents,Female,0.784976991,0.163848637,LFPPFecesHMMouseLFPP
LFPP,Feces,HMMouseLFPP,Contents,Female,0.778304564,0.191153311,LFPPFecesHMMouseLFPP
LFPP,Feces,HMMouseLFPP,Contents,Female,0.620071879,0.349820858,LFPPFecesHMMouseLFPP
LFPP,Feces,HMMouseLFPP,Contents,Female,0.725641207,0.23076929,LFPPFecesHMMouseLFPP
LFPP,Feces,HMMouseLFPP,Contents,Female,0.580968483,0.383973362,LFPPFecesHMMouseLFPP
LFPP,Feces,HMMouseLFPP,Contents,Female,0.588668992,0.303546818,LFPPFecesHMMouseLFPP
LFPP,Feces,HMMouseLFPP,Contents,Female,0.319547739,0.434782682,LFPPFecesHMMouseLFPP
LFPP,Feces,HMMouseLFPP,Contents,Female,0.382554339,0.431014881,LFPPFecesHMMouseLFPP
LFPP,Feces,HMMouseLFPP,Contents,Female,0.688771552,0.239218948,LFPPFecesHMMouseLFPP
LFPP,Feces,HMMouseLFPP,Contents,Female,0.671648001,0.247576801,LFPPFecesHMMouseLFPP
LFPP,Feces,HMMouseLFPP,Contents,Female,0.800742811,0.138024381,LFPPFecesHMMouseLFPP
LFPP,Feces,HMMouseLFPP,Contents,Female,0.546856647,0.339264597,LFPPFecesHMMouseLFPP
LFPP,Feces,HMMouseLFPP,Contents,Female,0.414346189,0.423628764,LFPPFecesHMMouseLFPP
LFPP,Feces,HMMouseLFPP,Contents,Female,0.234249662,0.705708316,LFPPFecesHMMouseLFPP
LFPP,Feces,HMMouseLFPP,Contents,Female,0.269725725,0.718696453,LFPPFecesHMMouseLFPP
LFPP,Feces,HMMouseLFPP,Contents,Female,0.461472426,0.50193722,LFPPFecesHMMouseLFPP
LFPP,Feces,HMMouseLFPP,Contents,Female,0.525086356,0.441593325,LFPPFecesHMMouseLFPP
LFPP,Feces,HMMouseLFPP,Contents,Female,0.578557017,0.381048297,LFPPFecesHMMouseLFPP
LFPP,Feces,HMMouseLFPP,Contents,Female,0.630491136,0.24375545,LFPPFecesHMMouseLFPP
LFPP,Feces,HMMouseLFPP,Contents,Female,0.594236256,0.285452957,LFPPFecesHMMouseLFPP
LFPP,Feces,HMMouseLFPP,Contents,Female,0.610322359,0.289074958,LFPPFecesHMMouseLFPP
LFPP,Feces,HMMouseLFPP,Contents,Female,0.55462594,0.153881978,LFPPFecesHMMouseLFPP
LFPP,Feces,HMMouseLFPP,Contents,Female,0.552338039,0.335143355,LFPPFecesHMMouseLFPP
LFPP,Feces,HMMouseLFPP,Contents,Female,0.576960822,0.253172868,LFPPFecesHMMouseLFPP
LFPP,Feces,HMMouseLFPP,Contents,Female,0.658934899,0.211769832,LFPPFecesHMMouseLFPP
LFPP,Feces,HMMouseLFPP,Contents,Female,0.650902188,0.170648528,LFPPFecesHMMouseLFPP
LFPP,Feces,HMMouseLFPP,Contents,Female,0.360399648,0.297003967,LFPPFecesHMMouseLFPP
LFPP,Feces,HMMouseLFPP,Contents,Female,0.329592457,0.40909822,LFPPFecesHMMouseLFPP
LFPP,Feces,HMMouseLFPP,Contents,Female,0.533586533,0.272485843,LFPPFecesHMMouseLFPP
LFPP,Feces,HMMouseLFPP,Contents,Female,0.622391828,0.167335538,LFPPFecesHMMouseLFPP
LFPP,Feces,HMMouseLFPP,Contents,Female,0.58008891,0.16067035,LFPPFecesHMMouseLFPP
LFPP,Feces,HMMouseLFPP,Contents,Male,0.247820861,0.247820738,LFPPFecesHMMouseLFPP
LFPP,Feces,HMMouseLFPP,Contents,Male,0.553081098,0.411284397,LFPPFecesHMMouseLFPP
LFPP,Feces,HMMouseLFPP,Contents,Male,0.301389558,0.575347407,LFPPFecesHMMouseLFPP
LFPP,Feces,HMMouseLFPP,Contents,Male,0.306371636,0.676005495,LFPPFecesHMMouseLFPP
LFPP,Feces,HMMouseLFPP,Contents,Male,0.337584868,0.644081369,LFPPFecesHMMouseLFPP
LFPP,Feces,HMMouseLFPP,Contents,Male,0.436053327,0.534724931,LFPPFecesHMMouseLFPP
LFPP,Feces,HMMouseLFPP,Contents,Male,0.580409535,0.402412345,LFPPFecesHMMouseLFPP
LFPP,Feces,HMMouseLFPP,Contents,Male,0.542481656,0.428790164,LFPPFecesHMMouseLFPP
LFPP,Feces,HMMouseLFPP,Contents,Male,0.67152639,0.255125354,LFPPFecesHMMouseLFPP
LFPP,Feces,HMMouseLFPP,Contents,Male,0.507902085,0.438692162,LFPPFecesHMMouseLFPP
LFPP,Feces,HMMouseLFPP,Contents,Male,0.568044967,0.257536672,LFPPFecesHMMouseLFPP
LFPP,Feces,HMMouseLFPP,Contents,Male,0.60310678,0.249062741,LFPPFecesHMMouseLFPP
LFPP,Feces,HMMouseLFPP,Contents,Male,0.615002112,0.333716109,LFPPFecesHMMouseLFPP
LFPP,Feces,HMMouseLFPP,Contents,Male,0.579009173,0.26648466,LFPPFecesHMMouseLFPP
LFPP,Feces,HMMouseLFPP,Contents,Male,0.596196552,0.213180077,LFPPFecesHMMouseLFPP
LFPP,Feces,HMMouseLFPP,Contents,Male,0.405137788,0.417614738,LFPPFecesHMMouseLFPP
LFPP,Feces,HMMouseLFPP,Contents,Male,0.740473508,0.22623352,LFPPFecesHMMouseLFPP
LFPP,Feces,HMMouseLFPP,Contents,Male,0.74403946,0.197756028,LFPPFecesHMMouseLFPP
LFPP,Feces,HMMouseLFPP,Contents,Male,0.759935748,0.179914142,LFPPFecesHMMouseLFPP
LFPP,Feces,HMMouseLFPP,Contents,Male,0.632097796,0.344439297,LFPPFecesHMMouseLFPP
LFPP,Feces,HMMouseLFPP,Contents,Male,0.544791848,0.423958397,LFPPFecesHMMouseLFPP
LFPP,Feces,HMMouseLFPP,Contents,Male,0.773480855,0.200473628,LFPPFecesHMMouseLFPP
LFPP,Feces,HMMouseLFPP,Contents,Male,0.484170081,0.450193121,LFPPFecesHMMouseLFPP
LFPP,Feces,HMMouseLFPP,Contents,Male,0.476372512,0.484486942,LFPPFecesHMMouseLFPP
LFPP,Feces,HMMouseLFPP,Contents,Male,0.270556186,0.715348546,LFPPFecesHMMouseLFPP
LFPP,Feces,HMMouseLFPP,Contents,Male,0.432881687,0.541320572,LFPPFecesHMMouseLFPP
LFPP,Feces,HMMouseLFPP,Contents,Male,0.425278404,0.542130431,LFPPFecesHMMouseLFPP
LFPP,Feces,HMMouseLFPP,Contents,Male,0.724157193,0.248756293,LFPPFecesHMMouseLFPP
LFPP,Feces,HMMouseLFPP,Contents,Male,0.550338783,0.40948088,LFPPFecesHMMouseLFPP
LFPP,Feces,HMMouseLFPP,Contents,Male,0.683956758,0.223763638,LFPPFecesHMMouseLFPP
LFPP,Feces,HMMouseLFPP,Contents,Male,0.812016848,0.15169549,LFPPFecesHMMouseLFPP
LFPP,Feces,HMMouseLFPP,Contents,Male,0.618887199,0.32630698,LFPPFecesHMMouseLFPP
LFPP,Feces,HMMouseLFPP,Contents,Male,0.547545845,0.368589094,LFPPFecesHMMouseLFPP
LFPP,Feces,HMMouseLFPP,Contents,Male,0.500999525,0.449367154,LFPPFecesHMMouseLFPP
LFPP,Feces,HMMouseLFPP,Contents,Male,0.686660901,0.289615114,LFPPFecesHMMouseLFPP
LFPP,Feces,HMMouseLFPP,Contents,Male,0.644993062,0.293782696,LFPPFecesHMMouseLFPP
LFPP,Feces,HMMouseLFPP,Contents,Male,0.638785242,0.247196329,LFPPFecesHMMouseLFPP
LFPP,Feces,HMMouseLFPP,Contents,Male,0.566974268,0.338603487,LFPPFecesHMMouseLFPP
LFPP,Feces,HMMouseLFPP,Contents,Male,0.363398886,0.37908504,LFPPFecesHMMouseLFPP
LFPP,Feces,HMMouseLFPP,Contents,Male,0.307471445,0.490968867,LFPPFecesHMMouseLFPP
LFPP,Feces,HMMouseLFPP,Contents,Male,0.295003874,0.688097063,LFPPFecesHMMouseLFPP
LFPP,Feces,HMMouseLFPP,Contents,Male,0.484891747,0.471738419,LFPPFecesHMMouseLFPP
LFPP,Feces,HMMouseLFPP,Contents,Male,0.50670895,0.346487836,LFPPFecesHMMouseLFPP
LFPP,Feces,HMMouseLFPP,Contents,Male,0.611219087,0.202918612,LFPPFecesHMMouseLFPP
LFPP,Feces,HMMouseLFPP,Contents,Male,0.393434787,0.40813334,LFPPFecesHMMouseLFPP
LFPP,Feces,HMMouseLFPP,Contents,Male,0.603473944,0.296378484,LFPPFecesHMMouseLFPP
LFPP,Feces,HMMouseLFPP,Contents,Male,0.407291441,0.453547688,LFPPFecesHMMouseLFPP
LFPP,Feces,HMMouseLFPP,Contents,Male,0.664430378,0.212197138,LFPPFecesHMMouseLFPP
LFPP,Feces,HMMouseLFPP,Contents,Male,0.545594443,0.228483672,LFPPFecesHMMouseLFPP
LFPP,Feces,HMMouseLFPP,Contents,Male,0.370757366,0.209312511,LFPPFecesHMMouseLFPP
LFPP,Feces,HMMouseLFPP,Contents,Male,0.339983202,0.37351449,LFPPFecesHMMouseLFPP
LFPP,Feces,HMMouseLFPP,Contents,Male,0.602612136,0.313432906,LFPPFecesHMMouseLFPP
LFPP,Feces,HMMouseLFPP,Contents,Male,0.567552143,0.156466577,LFPPFecesHMMouseLFPP
LFPP,Feces,HMMouseLFPP,Contents,Female,0.252273808,0.714511728,LFPPFecesHMMouseLFPP
LFPP,Feces,HMMouseLFPP,Contents,Female,0.28681562,0.699391557,LFPPFecesHMMouseLFPP
LFPP,Feces,HMMouseLFPP,Contents,Male,0.66166785,0.272345595,LFPPFecesHMMouseLFPP
LFPP,Feces,HMMouseLFPP,Contents,Male,0.482958842,0.483683891,LFPPFecesHMMouseLFPP
LFPP,Feces,HMMouseLFPP,Contents,Male,0.724467067,0.25533115,LFPPFecesHMMouseLFPP
LFPP,Feces,HMMouseLFPP,Contents,Male,0.353407473,0.594294832,LFPPFecesHMMouseLFPP
LFPP,Feces,HMMouseLFPP,Contents,Male,0.358679519,0.609304717,LFPPFecesHMMouseLFPP
LFPP,Feces,HMMouseLFPP,Contents,Male,0.6858258,0.299074587,LFPPFecesHMMouseLFPP
LFPP,Feces,HMMouseLFPP,Contents,Male,0.524035805,0.379822033,LFPPFecesHMMouseLFPP
LFPP,Feces,HMMouseLFPP,Contents,Male,0.633620902,0.328817816,LFPPFecesHMMouseLFPP
LFPP,Feces,HMMouseLFPP,Contents,Male,0.461363835,0.510795527,LFPPFecesHMMouseLFPP
LFPP,Feces,HMMouseLFPP,Contents,Male,0.530562556,0.422493966,LFPPFecesHMMouseLFPP
LFPP,Feces,HMMouseLFPP,Contents,Male,0.598275229,0.347253796,LFPPFecesHMMouseLFPP
LFPP,Feces,HMMouseLFPP,Contents,Male,0.497102567,0.417256988,LFPPFecesHMMouseLFPP
LFPP,Feces,HMMouseLFPP,Contents,Male,0.641196218,0.335548247,LFPPFecesHMMouseLFPP
LFPP,Feces,HMMouseLFPP,Contents,Male,0.506898478,0.441492136,LFPPFecesHMMouseLFPP
LFPP,Feces,HMMouseLFPP,Contents,Male,0.644737001,0.28362579,LFPPFecesHMMouseLFPP
LFPP,Feces,HMMouseLFPP,Contents,Male,0.552216958,0.375369533,LFPPFecesHMMouseLFPP
LFPP,Feces,HMouseWestern,Contents,Male,0.46317849,0.369509113,LFPPFecesHMouseWestern
LFPP,Feces,HMouseWestern,Contents,Male,0.760293489,0.210377962,LFPPFecesHMouseWestern
LFPP,Feces,HMouseWestern,Contents,Male,0.722345306,0.268252272,LFPPFecesHMouseWestern
LFPP,Feces,HMouseWestern,Contents,Male,0.564335483,0.387613525,LFPPFecesHMouseWestern
LFPP,Feces,HMouseWestern,Contents,Male,0.461288795,0.498646543,LFPPFecesHMouseWestern
LFPP,Feces,HMouseWestern,Contents,Male,0.630403313,0.352112754,LFPPFecesHMouseWestern
LFPP,Feces,HMouseWestern,Contents,Male,0.773476901,0.204301152,LFPPFecesHMouseWestern
LFPP,Feces,HMouseWestern,Contents,Male,0.62224633,0.361633616,LFPPFecesHMouseWestern
LFPP,Feces,HMouseWestern,Contents,Male,0.629849318,0.342672472,LFPPFecesHMouseWestern
LFPP,Feces,HMouseWestern,Contents,Male,0.638889043,0.34697861,LFPPFecesHMouseWestern
LFPP,Feces,HMouseWestern,Contents,Male,0.633649489,0.345497705,LFPPFecesHMouseWestern
LFPP,Feces,HMouseWestern,Contents,Male,0.701381086,0.261219862,LFPPFecesHMouseWestern
LFPP,Feces,HMouseWestern,Contents,Male,0.673638047,0.309851476,LFPPFecesHMouseWestern
LFPP,Feces,HMouseWestern,Contents,Male,0.497537152,0.463054269,LFPPFecesHMouseWestern
LFPP,Feces,HMouseWestern,Contents,Male,0.509002618,0.465206875,LFPPFecesHMouseWestern
LFPP,Feces,HMouseWestern,Contents,Male,0.575689532,0.400675356,LFPPFecesHMouseWestern
LFPP,Feces,HMouseWestern,Contents,Male,0.745060756,0.227533533,LFPPFecesHMouseWestern
LFPP,Feces,HMouseWestern,Contents,Male,0.67127517,0.311316002,LFPPFecesHMouseWestern
LFPP,Feces,HMouseWestern,Contents,Male,0.581686944,0.393253084,LFPPFecesHMouseWestern
LFPP,Feces,HMouseWestern,Contents,Male,0.517324546,0.451876875,LFPPFecesHMouseWestern
LFPP,Feces,HMouseWestern,Contents,Male,0.549729942,0.26594602,LFPPFecesHMouseWestern
LFPP,Feces,HMouseWestern,Contents,Male,0.683745755,0.284452355,LFPPFecesHMouseWestern
LFPP,Feces,HMouseWestern,Contents,Male,0.593952683,0.394168537,LFPPFecesHMouseWestern
LFPP,Feces,HMouseWestern,Contents,Male,0.55921987,0.395726952,LFPPFecesHMouseWestern
LFPP,Feces,HMouseWestern,Contents,Male,0.629975585,0.327764177,LFPPFecesHMouseWestern
LFPP,SI13,CONVR,Contents,Male,0.620370566,0.33531753,LFPPSI13CONVR
LFPP,SI13,CONVR,Contents,Male,0.80336086,0.159431953,LFPPSI13CONVR
LFPP,SI13,HMMouseLFPP,Contents,Male,0.664620956,0.093818565,LFPPSI13HMMouseLFPP
LFPP,SI13,HMMouseLFPP,Scraping,Male,0.896878153,0.01986762,LFPPSI13HMMouseLFPP
LFPP,SI15,CONVR,Scraping,Male,0.817038492,0.123499212,LFPPSI15CONVR
LFPP,SI15,CONVR,Contents,Male,0.744699838,0.18727922,LFPPSI15CONVR
LFPP,SI15,CONVR,Contents,Male,0.816594068,0.145414913,LFPPSI15CONVR
LFPP,SI15,HMMouseLFPP,Scraping,Male,0.85082891,0.034070049,LFPPSI15HMMouseLFPP
LFPP,SI15,HMMouseLFPP,Contents,Male,0.788306639,0.053091466,LFPPSI15HMMouseLFPP
LFPP,SI15,HMMouseLFPP,Scraping,Male,0.90764945,0.018656785,LFPPSI15HMMouseLFPP
LFPP,SI15,HMMouseLFPP,Contents,Male,0.855541909,0.028019994,LFPPSI15HMMouseLFPP
LFPP,SI1,CONVR,Contents,Male,0.511777498,0.327623193,LFPPSI1CONVR
LFPP,SI1,CONVR,Scraping,Male,0.782872765,0.129467365,LFPPSI1CONVR
LFPP,SI1,HMMouseLFPP,Scraping,Male,0.733446692,0.196944029,LFPPSI1HMMouseLFPP
LFPP,SI1,HMMouseLFPP,Contents,Male,0.7285947,0.136241318,LFPPSI1HMMouseLFPP
LFPP,SI1,HMMouseLFPP,Scraping,Male,0.782679906,0.183006597,LFPPSI1HMMouseLFPP
LFPP,SI1,HMMouseLFPP,Contents,Male,0.547311085,0.389991439,LFPPSI1HMMouseLFPP
LFPP,SI2,CONVR,Contents,Male,0.528095403,0.280952447,LFPPSI2CONVR
LFPP,SI2,CONVR,Scraping,Male,0.778782601,0.121157396,LFPPSI2CONVR
LFPP,SI2,CONVR,Contents,Male,0.801802007,0.133848205,LFPPSI2CONVR
LFPP,SI2,HMMouseLFPP,Scraping,Male,0.770235167,0.108790318,LFPPSI2HMMouseLFPP
LFPP,SI2,HMMouseLFPP,Contents,Male,0.75219801,0.111538534,LFPPSI2HMMouseLFPP
LFPP,SI2,HMMouseLFPP,Scraping,Male,0.892086537,0.070143957,LFPPSI2HMMouseLFPP
LFPP,SI2,HMMouseLFPP,Contents,Male,0.818717464,0.106021008,LFPPSI2HMMouseLFPP
LFPP,SI5,CONVR,Scraping,Male,0.487701626,0.447413128,LFPPSI5CONVR
LFPP,SI5,CONVR,Contents,Male,0.494016471,0.47151754,LFPPSI5CONVR
LFPP,SI5,CONVR,Contents,Male,0.454492937,0.334492822,LFPPSI5CONVR
LFPP,SI5,CONVR,Contents,Male,0.79804179,0.127907042,LFPPSI5CONVR
LFPP,SI5,HMMouseLFPP,Scraping,Male,0.865471045,0.05381173,LFPPSI5HMMouseLFPP
LFPP,SI5,HMMouseLFPP,Contents,Male,0.762013932,0.081617162,LFPPSI5HMMouseLFPP
LFPP,SI5,HMMouseLFPP,Scraping,Male,0.838835153,0.09708745,LFPPSI5HMMouseLFPP
LFPP,SI5,HMMouseLFPP,Contents,Male,0.813494169,0.09686754,LFPPSI5HMMouseLFPP
LFPP,SI9,CONVR,Scraping,Male,0.642760338,0.327601868,LFPPSI9CONVR
LFPP,SI9,CONVR,Contents,Male,0.631832029,0.309309378,LFPPSI9CONVR
LFPP,SI9,CONVR,Contents,Male,0.828436912,0.136742904,LFPPSI9CONVR
LFPP,SI9,HMMouseLFPP,Scraping,Male,0.750462282,0.053142396,LFPPSI9HMMouseLFPP
LFPP,SI9,HMMouseLFPP,Contents,Male,0.740492353,0.054437055,LFPPSI9HMMouseLFPP
LFPP,SI9,HMMouseLFPP,Scraping,Male,0.557682557,0.396275293,LFPPSI9HMMouseLFPP
Suckling,Feces,HMMouseLFPP,Contents,Male,0.260091585,0.000761683,SucklingFecesHMMouseLFPP
Suckling,Feces,HMMouseLFPP,Contents,Female,0.13115651,0.000535401,SucklingFecesHMMouseLFPP
Suckling,Feces,HMMouseLFPP,Contents,Female,0.268390467,0.000923431,SucklingFecesHMMouseLFPP
Suckling,Feces,HMMouseLFPP,Contents,Female,0.127955686,0.001738593,SucklingFecesHMMouseLFPP
Suckling,Feces,HMMouseLFPP,Contents,Female,0.503712592,0.030871503,SucklingFecesHMMouseLFPP
Suckling,Feces,HMMouseLFPP,Contents,Male,0.336738889,0.447544273,SucklingFecesHMMouseLFPP
Suckling,Feces,HMMouseLFPP,Contents,Male,0.355806897,0.003897183,SucklingFecesHMMouseLFPP
Suckling,Feces,HMMouseLFPP,Contents,Male,0.466456114,0.002458798,SucklingFecesHMMouseLFPP
Suckling,Feces,HMMouseLFPP,Contents,Male,0.476190659,0.000865872,SucklingFecesHMMouseLFPP
Western,Cecum1,CONVR,Contents,Male,0.792410906,0.035714356,WesternCecum1CONVR
Western,Cecum1,CONVR,Scraping,Male,0.703939189,0.094663344,WesternCecum1CONVR
Western,Cecum1,HMMouseLFPP,Scraping,Male,0.441358201,0.481922456,WesternCecum1HMMouseLFPP
Western,Cecum1,HMMouseLFPP,Contents,Male,0.354027694,0.579567846,WesternCecum1HMMouseLFPP
Western,Cecum1,HMMouseLFPP,Scraping,Male,0.505147764,0.446122244,WesternCecum1HMMouseLFPP
Western,Cecum1,HMMouseLFPP,Contents,Male,0.693333515,0.186666734,WesternCecum1HMMouseLFPP
Western,Cecum1,HMMouseLFPP,Scraping,Male,0.502161573,0.424351651,WesternCecum1HMMouseLFPP
Western,Cecum1,HMMouseLFPP,Scraping,Male,0.442590963,0.494602621,WesternCecum1HMMouseLFPP
Western,Cecum1,HMMouseLFPP,Contents,Male,0.431551694,0.486744967,WesternCecum1HMMouseLFPP
Western,Cecum1,HMMouseLFPP,Contents,Male,0.348195495,0.553715552,WesternCecum1HMMouseLFPP
Western,Cecum1,HMMouseLFPP,Scraping,Male,0.454784615,0.446372303,WesternCecum1HMMouseLFPP
Western,Cecum1,HMMouseLFPP,Contents,Male,0.492511256,0.387201943,WesternCecum1HMMouseLFPP
Western,Cecum2,CONVR,Scraping,Male,0.350798592,0.08532941,WesternCecum2CONVR
Western,Cecum2,CONVR,Contents,Male,0.729975907,0.04490298,WesternCecum2CONVR
Western,Cecum2,CONVR,Contents,Male,0.756487666,0.121177083,WesternCecum2CONVR
Western,Cecum2,CONVR,Contents,Male,0.664498661,0.07394735,WesternCecum2CONVR
Western,Cecum2,HMMouseLFPP,Contents,Male,0.387016424,0.538389581,WesternCecum2HMMouseLFPP
Western,Cecum2,HMMouseLFPP,Scraping,Male,0.498879954,0.435399622,WesternCecum2HMMouseLFPP
Western,Cecum2,HMMouseLFPP,Contents,Male,0.433351215,0.522039367,WesternCecum2HMMouseLFPP
Western,Cecum2,HMMouseLFPP,Scraping,Male,0.736120824,0.002741673,WesternCecum2HMMouseLFPP
Western,Cecum2,HMMouseLFPP,Scraping,Male,0.381569655,0.561555138,WesternCecum2HMMouseLFPP
Western,Cecum2,HMMouseLFPP,Contents,Male,0.434474983,0.488079834,WesternCecum2HMMouseLFPP
Western,Cecum2,HMMouseLFPP,Scraping,Male,0.437898274,0.521496879,WesternCecum2HMMouseLFPP
Western,Cecum2,HMMouseLFPP,Contents,Male,0.500185282,0.372824935,WesternCecum2HMMouseLFPP
Western,Cecum2,HMMouseLFPP,Scraping,Male,0.455840654,0.483380884,WesternCecum2HMMouseLFPP
Western,Cecum2,HMMouseLFPP,Contents,Male,0.473780388,0.416324725,WesternCecum2HMMouseLFPP
Western,Cecum,CONVD,Contents,Male,0.470588401,0.106027658,WesternCecumCONVD
Western,Cecum,CONVD,Contents,Male,0.31421858,0.097407769,WesternCecumCONVD
Western,Cecum,CONVR,Contents,Male,0.569822103,0.058106911,WesternCecumCONVR
Western,Cecum,CONVR,Contents,Male,0.552092082,0.082034526,WesternCecumCONVR
Western,Cecum,CONVR,Contents,Male,0.453947537,0.141447432,WesternCecumCONVR
Western,Cecum,CONVR,Contents,Male,0.586239581,0.13006604,WesternCecumCONVR
Western,Cecum,CONVR,Contents,Male,0.702233448,0.158809003,WesternCecumCONVR
Western,Cecum,CONVR,Contents,Male,0.603235212,0.187440603,WesternCecumCONVR
Western,Cecum,Fresh,Contents,Male,0.385121652,0.582489953,WesternCecumFresh
Western,Cecum,Fresh,Contents,Male,0.459392303,0.494270113,WesternCecumFresh
Western,Cecum,Fresh,Contents,Male,0.380275183,0.562826044,WesternCecumFresh
Western,Cecum,Fresh,Contents,Male,0.414292946,0.556974543,WesternCecumFresh
Western,Cecum,Fresh,Contents,Male,0.423094899,0.509007007,WesternCecumFresh
Western,Cecum,HMMouseLFPP,Contents,Male,0.525201058,0.416362366,WesternCecumHMMouseLFPP
Western,Cecum,HMMouseLFPP,Contents,Male,0.54893258,0.40569402,WesternCecumHMMouseLFPP
Western,Cecum,HMMouseLFPP,Contents,Male,0.543940973,0.404255385,WesternCecumHMMouseLFPP
Western,Cecum,HMouseWestern,Contents,Male,0.510852914,0.456589217,WesternCecumHMouseWestern
Western,Cecum,HMouseWestern,Contents,Male,0.560880009,0.399842959,WesternCecumHMouseWestern
Western,Colon,CONVR,Scraping,Male,0.734249903,0.184421608,WesternColonCONVR
Western,Colon,CONVR,Contents,Male,0.779206321,0.077131327,WesternColonCONVR
Western,Colon,CONVR,Contents,Male,0.798878042,0.056538694,WesternColonCONVR
Western,Colon,CONVR,Contents,Male,0.412142356,0.348346567,WesternColonCONVR
Western,Colon,CONVR,Scraping,Male,0.721749186,0.176604271,WesternColonCONVR
Western,Colon,CONVR,Scraping,Male,0.78707462,0.090882929,WesternColonCONVR
Western,Colon,HMMouseLFPP,Scraping,Male,0.51545669,0.421279717,WesternColonHMMouseLFPP
Western,Colon,HMMouseLFPP,Contents,Male,0.575757755,0.266347753,WesternColonHMMouseLFPP
Western,Colon,HMMouseLFPP,Scraping,Male,0.424446139,0.504365419,WesternColonHMMouseLFPP
Western,Colon,HMMouseLFPP,Contents,Male,0.44466718,0.492739177,WesternColonHMMouseLFPP
Western,Colon,HMMouseLFPP,Scraping,Male,0.695022793,0.251583772,WesternColonHMMouseLFPP
Western,Colon,HMMouseLFPP,Contents,Male,0.511099285,0.273957848,WesternColonHMMouseLFPP
Western,Colon,HMMouseLFPP,Scraping,Male,0.476458387,0.427969152,WesternColonHMMouseLFPP
Western,Colon,HMMouseLFPP,Contents,Male,0.379701366,0.415765132,WesternColonHMMouseLFPP
Western,Colon,HMMouseLFPP,Scraping,Male,0.393774884,0.52865619,WesternColonHMMouseLFPP
Western,Colon,HMMouseLFPP,Contents,Male,0.371471223,0.530460701,WesternColonHMMouseLFPP
Western,Colon,HMMouseLFPP,Scraping,Male,0.436729585,0.481505582,WesternColonHMMouseLFPP
Western,Colon,HMMouseLFPP,Contents,Male,0.377926601,0.545150566,WesternColonHMMouseLFPP
Western,Colon,HMMouseLFPP,Scraping,Male,0.459414873,0.480949816,WesternColonHMMouseLFPP
Western,Colon,HMMouseLFPP,Contents,Male,0.503327959,0.435940158,WesternColonHMMouseLFPP
Western,Colon,HMMouseLFPP,Scraping,Male,0.45550179,0.447411061,WesternColonHMMouseLFPP
Western,Colon,HMMouseLFPP,Contents,Male,0.402229181,0.47872348,WesternColonHMMouseLFPP
Western,Colon,HMMouseLFPP,Scraping,Male,0.740764521,0.182802612,WesternColonHMMouseLFPP
Western,Colon,HMMouseLFPP,Contents,Male,0.527979128,0.420013241,WesternColonHMMouseLFPP
Western,Feces,CONVR,Scraping,Male,0.606012106,0.071592538,WesternFecesCONVR
Western,Feces,Fresh,Contents,Male,0.353057374,0.616568107,WesternFecesFresh
Western,Feces,Fresh,Contents,Male,0.62840038,0.343476326,WesternFecesFresh
Western,Feces,Fresh,Contents,Male,0.712022532,0.26234862,WesternFecesFresh
Western,Feces,Fresh,Contents,Male,0.665700691,0.307246449,WesternFecesFresh
Western,Feces,Fresh,Contents,Male,0.300200309,0.641761235,WesternFecesFresh
Western,Feces,Fresh,Contents,Male,0.124827293,0.229598968,WesternFecesFresh
Western,Feces,Fresh,Contents,Male,0.740648583,0.236907807,WesternFecesFresh
Western,Feces,Fresh,Contents,Male,0.686212538,0.275224576,WesternFecesFresh
Western,Feces,Fresh,Contents,Male,0.754650749,0.221216755,WesternFecesFresh
Western,Feces,Fresh,Contents,Male,0.714756481,0.258893362,WesternFecesFresh
Western,Feces,Fresh,Contents,Male,0.649283614,0.327229358,WesternFecesFresh
Western,Feces,Fresh,Contents,Male,0.852020129,0.129823033,WesternFecesFresh
Western,Feces,Fresh,Contents,Male,0.479306442,0.493496307,WesternFecesFresh
Western,Feces,Fresh,Contents,Male,0.697818203,0.279950663,WesternFecesFresh
Western,Feces,Fresh,Contents,Male,0.729240453,0.240282748,WesternFecesFresh
Western,Feces,Fresh,Contents,Male,0.696457474,0.28421906,WesternFecesFresh
Western,Feces,Fresh,Contents,Male,0.287622977,0.662475507,WesternFecesFresh
Western,Feces,Fresh,Contents,Male,0.510869776,0.430171354,WesternFecesFresh
Western,Feces,Fresh,Contents,Male,0.538594391,0.40577841,WesternFecesFresh
Western,Feces,Fresh,Contents,Male,0.678156315,0.269518336,WesternFecesFresh
Western,Feces,Fresh,Contents,Male,0.700161427,0.286405233,WesternFecesFresh
Western,Feces,Fresh,Contents,Male,0.73840633,0.24268355,WesternFecesFresh
Western,Feces,Fresh,Contents,Male,0.629978805,0.321627484,WesternFecesFresh
Western,Feces,Fresh,Contents,Male,0.298045771,0.666123837,WesternFecesFresh
Western,Feces,Fresh,Contents,Male,0.582222374,0.37252531,WesternFecesFresh
Western,Feces,Fresh,Contents,Male,0.707912618,0.279040464,WesternFecesFresh
Western,Feces,Fresh,Contents,Male,0.704455937,0.275803794,WesternFecesFresh
Western,Feces,Fresh,Contents,Male,0.541721154,0.365058727,WesternFecesFresh
Western,Feces,Fresh,Contents,Male,0.22969744,0.746275889,WesternFecesFresh
Western,Feces,Fresh,Contents,Male,0.535243954,0.42358374,WesternFecesFresh
Western,Feces,Fresh,Contents,Male,0.594771405,0.371040783,WesternFecesFresh
Western,Feces,Fresh,Contents,Male,0.656430121,0.320537496,WesternFecesFresh
Western,Feces,Fresh,Contents,Male,0.681020908,0.282695437,WesternFecesFresh
Western,Feces,Fresh,Contents,Male,0.717314663,0.259717379,WesternFecesFresh
Western,Feces,Fresh,Contents,Male,0.62170361,0.332468724,WesternFecesFresh
Western,Feces,Fresh,Contents,Male,0.304939351,0.666428131,WesternFecesFresh
Western,Feces,Fresh,Contents,Male,0.628997259,0.335755878,WesternFecesFresh
Western,Feces,Fresh,Contents,Male,0.628584605,0.337733336,WesternFecesFresh
Western,Feces,Fresh,Contents,Male,0.684495092,0.28579154,WesternFecesFresh
Western,Feces,Fresh,Contents,Male,0.18217756,0.771729668,WesternFecesFresh
Western,Feces,Fresh,Contents,Male,0.680316616,0.29967434,WesternFecesFresh
Western,Feces,Fresh,Contents,Male,0.650464162,0.326557732,WesternFecesFresh
Western,Feces,Fresh,Contents,Male,0.610655913,0.346018801,WesternFecesFresh
Western,Feces,Fresh,Contents,Male,0.641423523,0.342153343,WesternFecesFresh
Western,Feces,Fresh,Contents,Male,0.737356006,0.243123408,WesternFecesFresh
Western,Feces,Fresh,Contents,Male,0.600231011,0.341669933,WesternFecesFresh
Western,Feces,Fresh,Contents,Male,0.346918161,0.6138564,WesternFecesFresh
Western,Feces,Fresh,Contents,Male,0.585735566,0.385439823,WesternFecesFresh
Western,Feces,Fresh,Contents,Male,0.669287887,0.312673523,WesternFecesFresh
Western,Feces,Fresh,Contents,Male,0.670810718,0.304326272,WesternFecesFresh
Western,Feces,Fresh,Contents,Male,0.502386002,0.432174572,WesternFecesFresh
Western,Feces,Fresh,Contents,Male,0.246583327,0.715262023,WesternFecesFresh
Western,Feces,Fresh,Contents,Male,0.533666004,0.446882855,WesternFecesFresh
Western,Feces,Fresh,Contents,Male,0.649717715,0.322468565,WesternFecesFresh
Western,Feces,Fresh,Contents,Male,0.772679493,0.210443103,WesternFecesFresh
Western,Feces,Fresh,Contents,Male,0.626710653,0.354953549,WesternFecesFresh
Western,Feces,Fresh,Contents,Male,0.762529991,0.215990511,WesternFecesFresh
Western,Feces,Fresh,Contents,Male,0.617164665,0.360538557,WesternFecesFresh
Western,Feces,Fresh,Contents,Male,0.508499473,0.477901971,WesternFecesFresh
Western,Feces,Fresh,Contents,Male,0.511422062,0.453146903,WesternFecesFresh
Western,Feces,Fresh,Contents,Male,0.660175472,0.305744958,WesternFecesFresh
Western,Feces,Fresh,Contents,Male,0.674587954,0.280310442,WesternFecesFresh
Western,Feces,Fresh,Contents,Male,0.380065002,0.594003304,WesternFecesFresh
Western,Feces,Fresh,Contents,Male,0.564448026,0.391304412,WesternFecesFresh
Western,Feces,Fresh,Contents,Male,0.568566536,0.403383863,WesternFecesFresh
Western,Feces,Fresh,Contents,Male,0.772598257,0.215463401,WesternFecesFresh
Western,Feces,Fresh,Contents,Male,0.597583291,0.37764358,WesternFecesFresh
Western,Feces,Fresh,Contents,Male,0.634318025,0.34810132,WesternFecesFresh
Western,Feces,Fresh,Contents,Male,0.72682137,0.250551939,WesternFecesFresh
Western,Feces,Frozen,Contents,Male,0.486653755,0.400674423,WesternFecesFrozen
Western,Feces,Frozen,Contents,Male,0.644468139,0.287174136,WesternFecesFrozen
Western,Feces,Frozen,Contents,Male,0.644725154,0.259392914,WesternFecesFrozen
Western,Feces,Frozen,Contents,Male,0.598943257,0.325895557,WesternFecesFrozen
Western,Feces,Frozen,Contents,Male,0.588540251,0.279792811,WesternFecesFrozen
Western,Feces,Frozen,Contents,Male,0.52153291,0.40963045,WesternFecesFrozen
Western,Feces,Frozen,Contents,Male,0.671457419,0.242647134,WesternFecesFrozen
Western,Feces,Frozen,Contents,Male,0.692565692,0.234308414,WesternFecesFrozen
Western,Feces,Frozen,Contents,Male,0.621212296,0.277575823,WesternFecesFrozen
Western,Feces,Frozen,Contents,Male,0.694756082,0.192766799,WesternFecesFrozen
Western,Feces,Frozen,Contents,Male,0.739390111,0.189655242,WesternFecesFrozen
Western,Feces,Frozen,Contents,Male,0.681443183,0.204524682,WesternFecesFrozen
Western,Feces,Frozen,Contents,Male,0.61279701,0.144788986,WesternFecesFrozen
Western,Feces,Frozen,Contents,Male,0.82620614,0.127608689,WesternFecesFrozen
Western,Feces,HMMouseLFPP,Scraping,Male,0.787081511,0.161882043,WesternFecesHMMouseLFPP
Western,Feces,HMMouseLFPP,Contents,Male,0.664824326,0.155276456,WesternFecesHMMouseLFPP
Western,Feces,HMMouseLFPP,Contents,Male,0.652070237,0.281847199,WesternFecesHMMouseLFPP
Western,Feces,HMMouseLFPP,Contents,Male,0.643775109,0.30305722,WesternFecesHMMouseLFPP
Western,Feces,HMMouseLFPP,Contents,Male,0.645208306,0.26621497,WesternFecesHMMouseLFPP
Western,Feces,HMMouseLFPP,Contents,Male,0.37206169,0.363019968,WesternFecesHMMouseLFPP
Western,Feces,HMMouseLFPP,Contents,Male,0.54279979,0.338872177,WesternFecesHMMouseLFPP
Western,Feces,HMMouseLFPP,Contents,Male,0.45718159,0.423466018,WesternFecesHMMouseLFPP
Western,Feces,HMMouseLFPP,Contents,Male,0.528777158,0.248201504,WesternFecesHMMouseLFPP
Western,Feces,HMMouseLFPP,Contents,Female,0.502441877,0.279978372,WesternFecesHMMouseLFPP
Western,Feces,HMMouseLFPP,Contents,Female,0.436804097,0.416949232,WesternFecesHMMouseLFPP
Western,Feces,HMMouseLFPP,Contents,Female,0.463892037,0.45642126,WesternFecesHMMouseLFPP
Western,Feces,HMMouseLFPP,Contents,Female,0.550182196,0.327093156,WesternFecesHMMouseLFPP
Western,Feces,HMMouseLFPP,Contents,Female,0.487727445,0.257727329,WesternFecesHMMouseLFPP
Western,Feces,HMMouseLFPP,Contents,Female,0.550147701,0.327433705,WesternFecesHMMouseLFPP
Western,Feces,HMMouseLFPP,Contents,Female,0.457458735,0.365193432,WesternFecesHMMouseLFPP
Western,Feces,HMMouseLFPP,Contents,Female,0.57996343,0.262408162,WesternFecesHMMouseLFPP
Western,Feces,HMMouseLFPP,Contents,Male,0.503614625,0.413253064,WesternFecesHMMouseLFPP
Western,Feces,HMMouseLFPP,Contents,Male,0.507145406,0.391824588,WesternFecesHMMouseLFPP
Western,Feces,HMMouseLFPP,Contents,Male,0.597499012,0.301065372,WesternFecesHMMouseLFPP
Western,Feces,HMMouseLFPP,Contents,Male,0.609917528,0.282644689,WesternFecesHMMouseLFPP
Western,Feces,HMMouseLFPP,Contents,Male,0.452872056,0.421207722,WesternFecesHMMouseLFPP
Western,Feces,HMMouseLFPP,Contents,Male,0.488405315,0.381448253,WesternFecesHMMouseLFPP
Western,Feces,HMMouseLFPP,Contents,Male,0.473960997,0.385093227,WesternFecesHMMouseLFPP
Western,Feces,HMMouseLFPP,Contents,Male,0.593750164,0.230519547,WesternFecesHMMouseLFPP
Western,Feces,HMMouseLFPP,Contents,Male,0.424677365,0.274509867,WesternFecesHMMouseLFPP
Western,Feces,HMMouseLFPP,Contents,Male,0.609247685,0.312783381,WesternFecesHMMouseLFPP
Western,Feces,HMMouseLFPP,Contents,Male,0.562006675,0.324198855,WesternFecesHMMouseLFPP
Western,Feces,HMMouseLFPP,Contents,Male,0.85646797,0.093916187,WesternFecesHMMouseLFPP
Western,Feces,HMMouseLFPP,Contents,Male,0.694059031,0.242643038,WesternFecesHMMouseLFPP
Western,Feces,HMMouseLFPP,Contents,Male,0.784258369,0.178935502,WesternFecesHMMouseLFPP
Western,Feces,HMMouseLFPP,Contents,Male,0.697574342,0.261455606,WesternFecesHMMouseLFPP
Western,Feces,HMMouseLFPP,Contents,Male,0.587697158,0.357905489,WesternFecesHMMouseLFPP
Western,Feces,HMMouseLFPP,Contents,Male,0.63436773,0.3226731,WesternFecesHMMouseLFPP
Western,Feces,HMMouseLFPP,Contents,Male,0.81580372,0.145221643,WesternFecesHMMouseLFPP
Western,Feces,HMMouseLFPP,Contents,Male,0.670687148,0.269008984,WesternFecesHMMouseLFPP
Western,Feces,HMMouseLFPP,Contents,Male,0.66628786,0.281978465,WesternFecesHMMouseLFPP
Western,Feces,HMMouseLFPP,Contents,Male,0.626708893,0.310199852,WesternFecesHMMouseLFPP
Western,Feces,HMMouseLFPP,Contents,Male,0.591309058,0.360579486,WesternFecesHMMouseLFPP
Western,Feces,HMMouseLFPP,Contents,Male,0.648500184,0.256000069,WesternFecesHMMouseLFPP
Western,Feces,HMMouseLFPP,Contents,Male,0.892373649,0.064148322,WesternFecesHMMouseLFPP
Western,Feces,HMMouseLFPP,Contents,Male,0.826087166,0.139353473,WesternFecesHMMouseLFPP
Western,Feces,HMMouseLFPP,Contents,Male,0.767006967,0.11394564,WesternFecesHMMouseLFPP
Western,Feces,HMMouseLFPP,Contents,Male,0.670814064,0.265422563,WesternFecesHMMouseLFPP
Western,Feces,HMMouseLFPP,Contents,Male,0.646604259,0.281612432,WesternFecesHMMouseLFPP
Western,Feces,HMMouseLFPP,Contents,Male,0.839643848,0.136414327,WesternFecesHMMouseLFPP
Western,Feces,HMouseWestern,Contents,Male,0.854819486,0.114457905,WesternFecesHMouseWestern
Western,Feces,HMouseWestern,Contents,Male,0.760023102,0.204467428,WesternFecesHMouseWestern
Western,Feces,HMouseWestern,Contents,Male,0.671904908,0.288095291,WesternFecesHMouseWestern
Western,Feces,HMouseWestern,Contents,Male,0.735528006,0.236662954,WesternFecesHMouseWestern
Western,Feces,HMouseWestern,Contents,Male,0.939970891,0.041727739,WesternFecesHMouseWestern
Western,Feces,HMouseWestern,Contents,Male,0.783397671,0.136888477,WesternFecesHMouseWestern
Western,Feces,HMouseWestern,Contents,Male,0.725101797,0.236280552,WesternFecesHMouseWestern
Western,Feces,HMouseWestern,Contents,Male,0.825186175,0.146121224,WesternFecesHMouseWestern
Western,Feces,HMouseWestern,Contents,Male,0.861660266,0.124788322,WesternFecesHMouseWestern
Western,Feces,HMouseWestern,Contents,Male,0.628715534,0.288665046,WesternFecesHMouseWestern
Western,Feces,HMouseWestern,Contents,Male,0.787929322,0.104097523,WesternFecesHMouseWestern
Western,Feces,HMouseWestern,Contents,Male,0.780410936,0.171142779,WesternFecesHMouseWestern
Western,Feces,HMouseWestern,Contents,Male,0.840119924,0.128742578,WesternFecesHMouseWestern
Western,Feces,HMouseWestern,Contents,Male,0.790972817,0.182160205,WesternFecesHMouseWestern
Western,Feces,HMouseWestern,Contents,Male,0.837078827,0.143960739,WesternFecesHMouseWestern
Western,SI13,CONVR,Contents,Male,0.735632377,0.002189451,WesternSI13CONVR
Western,SI13,HMMouseLFPP,Scraping,Male,0.601761448,0.054794591,WesternSI13HMMouseLFPP
Western,SI13,HMMouseLFPP,Contents,Male,0.419637468,0.089430964,WesternSI13HMMouseLFPP
Western,SI13,HMMouseLFPP,Scraping,Male,0.531609372,0.295019217,WesternSI13HMMouseLFPP
Western,SI13,HMMouseLFPP,Contents,Male,0.673992865,0.176740003,WesternSI13HMMouseLFPP
Western,SI13,HMMouseLFPP,Scraping,Male,0.717254021,0.048780554,WesternSI13HMMouseLFPP
Western,SI13,HMMouseLFPP,Contents,Male,0.554600796,0.315470239,WesternSI13HMMouseLFPP
Western,SI13,HMMouseLFPP,Scraping,Male,0.856678779,0.053948721,WesternSI13HMMouseLFPP
Western,SI13,HMMouseLFPP,Contents,Male,0.888249046,0.050115279,WesternSI13HMMouseLFPP
Western,SI13,HMMouseLFPP,Scraping,Male,0.792706527,0.076135705,WesternSI13HMMouseLFPP
Western,SI13,HMMouseLFPP,Contents,Male,0.741886605,0.063894593,WesternSI13HMMouseLFPP
Western,SI15,CONVR,Contents,Male,0.476013224,0.194690335,WesternSI15CONVR
Western,SI15,HMMouseLFPP,Scraping,Male,0.658365941,0.051361937,WesternSI15HMMouseLFPP
Western,SI15,HMMouseLFPP,Contents,Male,0.588921476,0.330174996,WesternSI15HMMouseLFPP
Western,SI15,HMMouseLFPP,Scraping,Male,0.646697576,0.185867961,WesternSI15HMMouseLFPP
Western,SI15,HMMouseLFPP,Contents,Male,0.666843978,0.156216859,WesternSI15HMMouseLFPP
Western,SI15,HMMouseLFPP,Scraping,Male,0.851999053,0.066912456,WesternSI15HMMouseLFPP
Western,SI15,HMMouseLFPP,Contents,Male,0.843888256,0.103092851,WesternSI15HMMouseLFPP
Western,SI15,HMMouseLFPP,Scraping,Male,0.758163444,0.069898025,WesternSI15HMMouseLFPP
Western,SI15,HMMouseLFPP,Contents,Male,0.80812343,0.047619114,WesternSI15HMMouseLFPP
Western,SI1,HMMouseLFPP,Scraping,Male,0.664788919,0.234507104,WesternSI1HMMouseLFPP
Western,SI1,HMMouseLFPP,Scraping,Male,0.739853818,0.179640789,WesternSI1HMMouseLFPP
Western,SI1,HMMouseLFPP,Contents,Male,0.527249329,0.384948167,WesternSI1HMMouseLFPP
Western,SI1,HMMouseLFPP,Contents,Male,0.442359467,0.489084723,WesternSI1HMMouseLFPP
Western,SI1,HMMouseLFPP,Scraping,Male,0.737330675,0.106352672,WesternSI1HMMouseLFPP
Western,SI1,HMMouseLFPP,Contents,Male,0.742938048,0.081920977,WesternSI1HMMouseLFPP
Western,SI2,CONVR,Contents,Male,0.618465638,0.34801862,WesternSI2CONVR
Western,SI2,HMMouseLFPP,Scraping,Male,0.791516433,0.086642668,WesternSI2HMMouseLFPP
Western,SI2,HMMouseLFPP,Contents,Male,0.578067097,0.327137613,WesternSI2HMMouseLFPP
Western,SI2,HMMouseLFPP,Contents,Male,0.536612213,0.368670383,WesternSI2HMMouseLFPP
Western,SI2,HMMouseLFPP,Scraping,Male,0.710892906,0.153153225,WesternSI2HMMouseLFPP
Western,SI2,HMMouseLFPP,Contents,Male,0.66641529,0.167547241,WesternSI2HMMouseLFPP
Western,SI5,CONVR,Contents,Male,0.820124246,0.022743006,WesternSI5CONVR
Western,SI5,CONVR,Scraping,Male,0.800556121,0.125086933,WesternSI5CONVR
Western,SI5,HMMouseLFPP,Scraping,Male,0.557971195,0.088768183,WesternSI5HMMouseLFPP
Western,SI5,HMMouseLFPP,Contents,Male,0.488051666,0.100183891,WesternSI5HMMouseLFPP
Western,SI5,HMMouseLFPP,Scraping,Male,0.816151407,0.091924473,WesternSI5HMMouseLFPP
Western,SI5,HMMouseLFPP,Scraping,Male,0.564451776,0.260208248,WesternSI5HMMouseLFPP
Western,SI5,HMMouseLFPP,Contents,Male,0.869436391,0.054896214,WesternSI5HMMouseLFPP
Western,SI5,HMMouseLFPP,Scraping,Male,0.760994463,0.106437294,WesternSI5HMMouseLFPP
Western,SI5,HMMouseLFPP,Contents,Male,0.701024522,0.081306088,WesternSI5HMMouseLFPP
Western,SI5,HMMouseLFPP,Scraping,Male,0.755922655,0.086862952,WesternSI5HMMouseLFPP
Western,SI5,HMMouseLFPP,Contents,Male,0.725111627,0.078008985,WesternSI5HMMouseLFPP
Western,SI9,HMMouseLFPP,Scraping,Male,0.669442293,0.160699474,WesternSI9HMMouseLFPP
Western,SI9,HMMouseLFPP,Contents,Male,0.69837605,0.128383669,WesternSI9HMMouseLFPP
Western,SI9,HMMouseLFPP,Contents,Male,0.702369858,0.002843672,WesternSI9HMMouseLFPP
Western,SI9,HMMouseLFPP,Contents,Male,0.532341731,0.377102275,WesternSI9HMMouseLFPP
Western,SI9,HMMouseLFPP,Contents,Male,0.566169,0.367488782,WesternSI9HMMouseLFPP
Western,SI9,HMMouseLFPP,Contents,Male,0.709567376,0.048975009,WesternSI9HMMouseLFPP
Western,Stomach,HMMouseLFPP,Scraping,Male,0.784894457,0.094864121,WesternStomachHMMouseLFPP
Western,Stomach,HMMouseLFPP,Contents,Male,0.78111229,0.09090916,WesternStomachHMMouseLFPP
Western,Stomach,HMMouseLFPP,Scraping,Male,0.523597703,0.341050825,WesternStomachHMMouseLFPP
Western,Stomach,HMMouseLFPP,Contents,Male,0.674218087,0.2513485,WesternStomachHMMouseLFPP
Western,Stomach,HMMouseLFPP,Scraping,Male,0.588085298,0.317446877,WesternStomachHMMouseLFPP
Western,Stomach,HMMouseLFPP,Contents,Male,0.429760341,0.305922727,WesternStomachHMMouseLFPP
Western,Stomach,HMMouseLFPP,Contents,Male,0.650434962,0.092173977,WesternStomachHMMouseLFPP
